# x_1,x_2,Class_label
-7.79573176e-01,3.98270194e-01,0
2.52289743e-01,-3.94025763e-01,1
-2.50315421e-01,-6.45048346e-01,1
9.75919610e-01,4.44398264e-01,0
3.67654312e-02,-1.01783273e+00,0
9.60676776e-01,-1.22051958e-01,0
3.02335057e-01,1.10237190e+00,0
-8.12172429e-01,-5.62509958e-01,0
3.38201858e-01,6.05677843e-01,1
6.28769680e-01,-2.26330451e-01,1
4.66523108e-01,1.72722935e-01,1
1.08292086e-01,4.89510032e-01,1
-1.61238919e-01,6.56833924e-01,1
1.30907812e-02,6.00955077e-01,1
-7.69071354e-01,4.83585943e-01,0
-4.29726523e-01,6.66795268e-01,1
4.76738890e-01,-9.17286453e-01,0
-8.45861077e-01,-5.05827374e-01,0
4.03804146e-01,9.85631408e-01,0
-6.02226691e-01,2.53597851e-01,1
5.40522625e-01,-8.64165411e-01,0
1.92075897e-01,5.20601160e-01,1
7.08270669e-01,-1.65368125e-01,1
1.79839303e-01,4.42318165e-01,1
-6.63605596e-01,-7.18921689e-01,0
-9.68272330e-01,2.14460127e-02,0
-4.19918512e-01,-1.09789423e+00,0
-1.70319319e-01,5.16594051e-01,1
-2.96879365e-01,6.24136695e-01,1
-5.85447326e-01,-4.39643161e-02,1
4.62213361e-01,7.59849189e-01,0
4.08452208e-01,-7.96845030e-01,0
-7.80891965e-01,-7.44255609e-01,0
1.13663958e+00,-3.16286564e-01,0
-3.46363370e-01,5.34282182e-01,1
-6.04408317e-01,7.24938609e-01,0
3.35801618e-01,-5.28469710e-01,1
4.63857248e-01,-2.08511674e-01,1
4.71433112e-01,-2.30492055e-01,1
-5.49626141e-01,-2.07699308e-01,1
8.36060688e-01,4.93135335e-01,0
8.06560205e-01,-4.78397550e-01,0
-4.73885094e-01,-6.24385409e-01,1
5.96048108e-01,-3.33842182e-01,1
2.71622194e-01,7.12891941e-01,1
4.79020389e-01,9.11933219e-01,0
-4.62211628e-01,7.56824695e-02,1
4.49325669e-01,8.18759596e-01,0
-5.48009332e-01,-2.28241156e-01,1
3.03481802e-01,5.42758535e-01,1
5.97117198e-01,-3.94184801e-01,1
8.48505435e-01,6.40852893e-01,0
4.41377192e-01,-5.81554864e-01,1
-7.87271465e-01,7.84951921e-01,0
8.74446054e-01,5.22815622e-01,0
-4.13574161e-01,9.37289842e-01,0
4.67613169e-01,1.01536690e+00,0
5.24178867e-01,-3.82198407e-01,1
6.21541732e-01,-3.86668803e-02,1
1.32003554e-01,9.52225401e-01,0
6.31955376e-01,1.64205627e-01,1
-3.56299043e-01,-4.16038952e-01,1
3.88573944e-01,-3.00601253e-01,1
-5.24588629e-01,-9.21877512e-01,0
-3.52529709e-01,8.67354884e-01,0
4.87693759e-01,9.43189807e-01,0
2.52719912e-01,-9.42732869e-01,0
-4.81238891e-01,-5.23608140e-01,1
5.90335386e-01,-8.78116626e-01,0
-7.20246939e-01,4.77688711e-01,0
1.22393759e-02,6.29227852e-01,1
6.50688137e-01,5.55567179e-01,0
2.39466342e-01,-5.65484244e-01,1
-2.82955109e-01,-5.51770785e-01,1
9.83238004e-01,6.70188606e-01,0
5.79590487e-01,-5.54949684e-02,1
-4.52077020e-02,-6.37536457e-01,1
-3.31953686e-02,1.01405560e+00,0
-2.82702508e-01,-6.67758258e-01,1
8.06059151e-01,5.57822755e-01,0
-6.63677017e-01,2.79155750e-01,1
1.56927623e-01,8.50772544e-01,0
-4.67416662e-01,-1.09342105e-01,1
7.28061305e-01,-3.97828666e-01,1
3.47793931e-02,-5.58662381e-01,1
-5.11485996e-01,-3.17707725e-02,1
-6.76521622e-01,-6.54966319e-01,0
-7.39367900e-01,-7.45828524e-01,0
-5.81103846e-01,3.20636300e-01,1
-6.29966367e-01,1.93143461e-01,1
-1.19906582e-02,6.68953722e-01,1
6.21547782e-01,-9.37960757e-02,1
4.38896337e-01,-2.39102945e-01,1
5.50290253e-01,-3.70150562e-01,1
-4.19926438e-01,-2.77360683e-01,1
-3.34759408e-01,-1.01131524e+00,0
9.63602925e-01,2.69919968e-01,0
7.84433340e-01,-2.97078922e-01,0
8.76572982e-01,-4.69199201e-01,0
-3.30409480e-01,-3.20433714e-01,1
6.46277541e-01,-9.95793716e-02,1
1.74724251e-01,-5.07989788e-01,1
2.41316118e-01,4.05656193e-01,1
9.13434773e-01,-5.15247747e-01,0
6.46165151e-01,-3.40713643e-01,1
-2.48718117e-02,-5.44003746e-01,1
2.75194920e-01,5.93394832e-01,1
-3.73744979e-01,-4.10852425e-01,1
-4.09382189e-01,1.07434776e-01,1
8.89959780e-01,3.33290931e-01,0
8.46434056e-01,-5.43502292e-01,0
-1.58658411e-01,4.80144391e-01,1
-7.37139613e-01,6.89315872e-01,0
-2.46205712e-02,-9.05412795e-01,0
-1.90180295e-01,5.44556271e-01,1
-4.90774963e-01,-9.89235547e-01,0
-4.43689508e-01,6.05811581e-01,0
-1.14825779e-01,-6.11074578e-01,1
-6.77716196e-01,-8.18953161e-01,0
5.68118566e-01,3.73397504e-01,1
6.98232100e-01,2.97129243e-01,1
-7.36088392e-01,5.63604700e-01,0
-5.43935819e-01,6.87951863e-01,0
-3.62465729e-01,2.61544524e-01,1
1.78076047e-01,-4.37075090e-01,1
-1.07614880e-01,9.44765726e-01,0
9.02108449e-01,-3.02609399e-01,0
3.37403648e-01,5.58340749e-01,1
-3.60915585e-01,-3.86682640e-01,1
-7.68618993e-01,7.24982858e-01,0
9.63249612e-01,-2.56331300e-01,0
3.31110409e-01,-5.42872587e-01,1
4.92280021e-01,5.80014273e-02,1
-2.81143609e-01,5.39535028e-01,1
-8.55170992e-01,3.29251815e-01,0
4.94148276e-01,-5.41455312e-01,1
2.70972336e-01,4.89003156e-01,1
-4.89995255e-01,-4.80152343e-02,1
5.32558133e-01,-3.17313823e-01,1
1.51131224e-02,9.03703427e-01,0
-2.26723909e-01,-9.65987675e-01,0
-3.74574106e-01,2.05598707e-01,1
-3.97440965e-01,-8.97887069e-01,0
-7.63807262e-02,-6.54932544e-01,1
-9.68329887e-01,-3.26295074e-01,0
-1.01999297e+00,-6.44608667e-02,0
-1.51186344e-01,-7.12161388e-01,1
-5.44164892e-01,-2.75430567e-01,1
8.72691480e-01,2.09790877e-01,0
-5.63666309e-01,1.80902752e-01,1
-6.65850858e-01,-1.49502856e-01,1
4.75527011e-02,5.26907334e-01,1
7.64629954e-01,4.42591017e-02,0
3.18468331e-01,-7.96779734e-01,0
-1.15792480e+00,7.28314978e-02,0
2.08108126e-01,4.72314757e-01,1
9.29881997e-01,-3.90689206e-01,0
6.73241710e-01,3.85436956e-02,1
-4.41640443e-01,3.47527763e-01,1
5.36059628e-01,-2.48738732e-01,1
-5.98048152e-01,2.17936806e-01,1
-4.92437583e-01,4.27178091e-01,1
5.33475442e-01,3.41534084e-01,1
3.41201265e-01,8.83590394e-01,0
-2.08912933e-01,9.31645995e-01,0
-6.52868217e-01,2.23178486e-01,1
-4.08628326e-01,-2.82921115e-01,1
-1.49310912e-01,-1.02107922e+00,0
-8.80096231e-01,2.39497326e-01,0
-3.65575090e-01,-9.32465231e-01,0
4.34090855e-01,-7.94268128e-01,0
5.54069852e-01,-9.67879478e-01,0
9.56938732e-01,-4.31043787e-01,0
1.33466245e-01,-6.25272870e-01,1
6.28627247e-01,-4.70897839e-03,1
-6.82171662e-01,1.12357374e-01,1
-7.47470581e-01,-6.19428643e-02,1
-9.79804828e-01,-4.54352097e-03,0
-9.77776354e-01,-4.61373509e-01,0
3.38034688e-01,8.30663015e-01,0
9.23822816e-02,5.59713674e-01,1
7.86607717e-01,5.85276414e-01,0
-5.60287669e-01,3.58195421e-01,1
7.00055450e-01,6.15271890e-01,0
-1.99107722e-01,-1.16518118e+00,0
-4.18191883e-01,5.75133609e-01,1
-7.65957271e-01,-4.19414569e-01,0
1.12573616e+00,-1.59919587e-01,0
-5.00493420e-01,4.87329912e-01,1
-3.87865257e-01,4.18929068e-01,1
-1.37304873e-01,-5.67616481e-01,1
9.60467616e-01,-3.41051674e-01,0
-5.06595656e-01,4.09998979e-01,1
1.51607529e-02,1.15811198e+00,0
-3.95421606e-02,-6.15111253e-01,1
5.49467932e-01,3.54895717e-01,1
-2.70503250e-01,-1.07563731e+00,0
-9.30003742e-01,7.68376603e-02,0
7.90487016e-01,-6.66798139e-01,0
2.46909095e-01,-5.94748305e-01,1
3.89434506e-01,4.41201162e-01,1
-2.90308987e-01,2.82135955e-01,1
2.66910242e-01,-1.10915295e+00,0
4.51459112e-01,-4.10646309e-01,1
-1.08756810e+00,-2.77266534e-01,0
-1.44815479e-01,-7.23258709e-01,1
-9.01003344e-01,-6.81876023e-01,0
-4.39334833e-01,4.39537941e-01,1
-1.36243645e-01,5.36322629e-01,1
3.44077283e-01,1.16525533e+00,0
1.19852440e-01,-5.16493585e-01,1
-8.66549237e-03,1.10349338e+00,0
9.34333023e-01,3.71224123e-02,0
9.21276701e-01,2.37090547e-01,0
3.32878161e-01,-3.43830876e-01,1
-2.33530682e-01,1.08029292e+00,0
7.93625277e-01,-7.60967606e-01,0
-2.08306513e-01,-5.46707545e-01,1
-5.90820279e-01,-8.66708897e-01,0
8.00427380e-01,6.86859728e-01,0
-1.99305693e-01,8.32311378e-01,0
-7.68183643e-02,-5.72690345e-01,1
4.39480950e-01,2.74581839e-01,1
-8.43271313e-01,-7.24399396e-01,0
5.48978205e-01,7.37692761e-01,0
8.85428377e-01,5.86764135e-01,0
-7.17340013e-01,7.41188447e-01,0
3.49615289e-01,4.86541516e-01,1
1.78667200e-01,4.74716823e-01,1
1.84367888e-02,6.33529524e-01,1
4.18490002e-01,6.64803825e-01,0
-2.23071383e-01,-6.92114345e-01,1
-5.69113126e-01,1.65419572e-02,1
-6.07915968e-01,-7.39282238e-01,0
3.16834753e-01,5.52773359e-01,1
-9.96146018e-01,3.23871358e-01,0
-2.10947166e-01,1.32845374e-01,1
-5.18094361e-01,-2.51918537e-01,1
-8.60065797e-02,-6.39279641e-01,1
-9.98507913e-01,4.03780721e-01,0
-4.66382390e-02,9.67045044e-01,0
-4.89900502e-01,4.05673902e-01,1
7.38418224e-01,-6.90599477e-01,0
6.04978350e-01,2.07095065e-01,1
2.04942405e-01,4.33147610e-01,1
-7.38030326e-01,7.13172282e-01,0
-8.87152670e-01,-4.40747896e-01,0
9.28329677e-01,-4.33229503e-01,0
-3.54941601e-01,-3.93296509e-01,1
-1.03948202e+00,5.64539077e-01,0
-1.04691490e+00,-1.32317194e-01,0
-6.42269701e-01,-4.68652515e-02,1
7.51750553e-01,-6.17554674e-01,0
-1.00909752e+00,-5.22859723e-02,0
-9.62517943e-01,1.24810204e-01,0
-1.10486998e+00,-5.72121055e-02,0
-1.48407469e-01,-9.43999447e-01,0
1.03593799e+00,-1.76712673e-01,0
9.27019150e-01,1.93226346e-01,0
-6.88438063e-01,1.88619233e-01,1
-1.85015736e-01,-5.02453795e-01,1
-3.45358442e-02,1.04923340e+00,0
-1.65091801e-01,8.18943355e-01,0
1.01821521e-01,6.21670048e-01,1
-6.56990393e-01,-1.78503230e-01,1
8.65930700e-02,3.65873816e-01,1
-9.50074623e-01,2.43175549e-01,0
-6.11626902e-01,1.56447346e-01,1
-7.33137726e-01,9.54416502e-01,0
-6.97524415e-01,-9.16571230e-01,0
-4.25051894e-01,-5.05807194e-01,1
3.93046112e-01,9.50778308e-01,0
6.41801871e-01,7.48272722e-01,0
3.60011071e-02,6.76585784e-01,1
-3.59322596e-01,6.22725443e-01,1
5.67656455e-01,2.54971817e-01,1
6.79750449e-01,-6.67843814e-02,1
5.56999157e-01,3.12431904e-01,1
7.62219470e-01,7.17208422e-01,0
-2.79281092e-01,5.14815693e-01,1
9.76667233e-01,3.24069811e-01,0
-5.28733083e-01,4.29368037e-01,1
4.98984441e-01,-1.54311023e-01,1
2.38019015e-01,-9.77348041e-01,0
-5.29447057e-01,3.45572116e-01,1
-8.23146667e-01,-5.57314216e-01,0
1.01492219e+00,-3.85315322e-01,0
8.42920492e-01,4.65295726e-01,0
-4.16522481e-01,-5.83943047e-01,1
-9.53291888e-01,7.11173809e-02,0
5.99840251e-01,8.53700541e-01,0
7.71483758e-01,3.82845582e-01,0
7.14721143e-01,6.32222177e-01,0
3.48112530e-01,-5.59092278e-01,1
-4.26593521e-01,-3.69147306e-01,1
-2.12391711e-01,5.65905322e-01,1
-4.80506206e-01,-4.65842209e-01,1
-8.57404485e-01,-7.18500524e-01,0
1.09444936e-03,9.10176352e-01,0
-8.59467764e-01,-7.90223150e-01,0
-8.92240420e-01,-3.00342289e-01,0
6.70327251e-01,6.06324893e-01,0
5.20887431e-01,2.17152267e-02,1
-6.78428218e-01,1.12405309e-01,1
-1.01999071e+00,-5.29867492e-01,0
-2.50770433e-01,-3.13950595e-01,1
-8.40916086e-01,2.79300094e-01,0
-1.11665282e+00,3.64051575e-02,0
5.36801604e-01,8.34044242e-01,0
1.02564676e-01,-5.74514180e-01,1
6.73768773e-01,-1.78695323e-01,1
2.97646504e-01,-1.10677787e+00,0
-6.40406751e-01,-9.60177916e-02,1
5.60133036e-01,-1.04839829e-01,1
-5.28948776e-01,-1.75460286e-01,1
-5.93924429e-01,-8.60107119e-01,0
5.54622531e-03,5.57249251e-01,1
-6.44869371e-01,-7.41584464e-02,1
6.24117516e-01,7.56958171e-01,0
-2.00388884e-03,-8.85845692e-01,0
-3.95945636e-01,-4.00756517e-01,1
7.12209045e-01,7.55340354e-01,0
-1.16712147e-01,-1.01356249e+00,0
-4.67119731e-01,-3.63097118e-01,1
-7.70834594e-01,8.72270483e-01,0
-4.33248349e-01,3.71132761e-01,1
-6.23509501e-01,3.92939862e-01,1
-5.90546637e-01,-1.40034950e-01,1
-3.31254093e-01,-5.93067582e-01,1
2.05776070e-01,-2.94906743e-01,1
-4.47286550e-01,-1.19296527e-01,1
2.53043811e-01,-5.41682849e-01,1
2.75957472e-01,3.21493657e-01,1
-6.94880924e-01,5.86725600e-01,0
-4.97907296e-01,8.10696944e-01,0
-1.59582056e-01,6.90151226e-01,1
-2.27042980e-01,-6.47951825e-01,1
8.11521717e-01,4.77955939e-01,0
-9.43999673e-01,6.03558873e-01,0
-6.25029110e-01,4.66314485e-02,1
9.72518187e-01,3.09243403e-01,0
-5.87192921e-01,1.26862958e-01,1
7.62355876e-01,6.95112797e-01,0
-1.28446740e-01,-9.17107915e-01,0
-2.14893109e-01,8.55183509e-01,0
-5.91207956e-01,9.54718755e-01,0
5.83869214e-01,1.41251881e-01,1
4.63467719e-01,-3.40995302e-01,1
5.56066776e-01,6.72135876e-01,0
5.24868463e-01,1.04576503e-01,1
-3.79769044e-01,-4.69554210e-01,1
5.38099865e-01,6.54498292e-02,1
4.41106810e-01,4.94282671e-01,1
8.40528847e-01,-7.40992369e-01,0
6.20131056e-01,-1.02463854e+00,0
-6.49957798e-01,8.33137895e-01,0
1.13042345e+00,2.22119107e-02,0
-7.30437373e-01,-2.21357136e-01,0
-4.76490214e-01,1.03463755e+00,0
5.61434332e-01,-3.23122982e-01,1
-2.53565405e-01,5.96220649e-01,1
-2.79912094e-01,-9.16014661e-01,0
2.58691020e-01,8.90547910e-01,0
5.84862318e-01,-1.27142126e-01,1
-2.33567010e-01,7.61405888e-01,0
-9.32670148e-01,4.43258548e-01,0
3.73424971e-01,5.25030924e-01,1
-5.43914503e-01,9.88662540e-02,1
1.01371168e+00,-1.81640267e-01,0
-1.04232157e+00,-7.31092014e-02,0
-7.66111454e-02,6.59408177e-01,1
2.57029654e-01,7.01627971e-01,1
-5.74142108e-01,3.60846927e-01,1
3.36818151e-01,-3.57129909e-01,1
-2.67611248e-01,5.15005447e-01,1
-1.09926983e+00,2.49781186e-01,0
-1.01039012e+00,4.85217640e-01,0
8.74809696e-01,-3.62508421e-01,0
-4.71119795e-01,5.78575092e-01,1
5.46690557e-01,3.75164026e-01,1
9.34162115e-02,-5.23367031e-01,1
-1.10596376e+00,9.72528077e-02,0
8.50152660e-01,-6.71618175e-02,0
-5.76734110e-02,-4.84991601e-01,1
6.32118964e-01,-2.74925767e-01,1
-5.95543194e-01,3.27467882e-01,1
-3.07447275e-01,2.39340896e-01,1
8.72658441e-02,-4.23202670e-01,1
-5.95900109e-01,1.39912759e-01,1
-9.87764694e-01,-1.80859736e-01,0
7.05679222e-01,-1.09628654e-01,1
-2.19720074e-01,4.66626569e-01,1
5.27465057e-01,-5.16390700e-01,1
-4.91949807e-01,2.43652651e-02,1
-5.98738219e-01,-3.24655602e-01,1
4.91551996e-01,4.07124024e-01,1
-9.02018971e-01,-3.81398661e-01,0
-4.00588580e-01,-4.83019759e-01,1
5.20054326e-01,-4.60783421e-01,1
2.41602441e-01,8.82585135e-01,0
1.48892949e-01,9.84759264e-01,0
-5.59667947e-01,4.16162295e-01,1
3.60318423e-01,-4.56975935e-01,1
-9.46940704e-01,-3.40349441e-01,0
-4.68511281e-01,-1.55340074e-01,1
3.54959064e-01,-4.37188975e-01,1
-5.85255623e-01,8.53967467e-01,0
2.87029163e-01,-9.83889352e-01,0
-7.82609614e-01,4.13424051e-01,0
-1.06022750e+00,1.61656779e-01,0
9.70979967e-01,-4.90438438e-02,0
7.21411215e-01,-8.02246917e-01,0
-9.94000859e-01,-3.62771583e-01,0
-1.49476089e-02,8.83893252e-01,0
5.36911716e-01,2.07055033e-01,1
5.39760014e-01,2.94214214e-01,1
-3.18044786e-01,5.23408628e-01,1
-2.09463433e-01,1.05420702e+00,0
9.65818696e-01,-2.51991557e-01,0
-6.13456653e-01,-6.63999991e-02,1
9.71211169e-01,2.86639173e-01,0
9.41953134e-01,-5.27902443e-01,0
6.60426892e-01,-5.17739864e-02,1
9.42837100e-01,-1.24601994e-01,0
-1.69484486e-01,8.02659601e-01,1
-2.92440002e-01,-4.38205624e-01,1
-5.62911562e-01,1.01429015e+00,0
-9.15974662e-01,-7.45894457e-01,0
7.73306582e-01,-5.93603885e-03,1
-2.05810046e-01,-6.19649111e-01,1
4.00052553e-01,3.46618239e-01,1
-9.29019273e-01,-4.76212283e-01,0
-7.82795581e-01,4.54966057e-01,0
5.45730651e-01,7.60726120e-01,0
-9.79234739e-01,1.96687829e-01,0
-5.19474765e-01,-8.20252292e-01,0
-2.93114119e-01,-2.51543491e-01,1
-1.18315793e-01,1.09656594e+00,0
5.28103138e-01,6.05283389e-01,0
2.58069902e-01,-9.92954710e-01,0
-9.29358978e-01,-5.75119413e-01,0
-1.15179651e+00,-1.04831750e-01,0
4.48108010e-01,-8.81921924e-01,0
-1.74175634e-01,9.42409274e-01,0
-1.03489552e-01,8.41761288e-01,0
-6.41165109e-01,1.70782779e-01,1
1.43902156e-02,-1.07003649e+00,0
-1.81698181e-01,-1.05608852e+00,0
8.80375412e-01,5.16562513e-01,0
2.30669373e-01,8.42004729e-01,0
-1.72878169e-01,5.34635372e-01,1
-2.44341174e-01,5.72381483e-01,1
4.35219370e-01,-3.76687693e-01,1
-8.39102479e-01,5.64564096e-01,0
1.01177548e+00,3.21463504e-01,0
-1.07442199e+00,4.03054606e-01,0
1.03213472e+00,7.18348100e-02,0
4.89225006e-01,9.21228407e-01,0
-6.24823535e-01,7.54529268e-01,0
1.81676957e-01,6.83153422e-01,1
-9.91571554e-02,9.32766804e-01,0
-5.88897688e-01,6.91785465e-02,1
4.44362113e-01,3.78881894e-01,1
-2.22141529e-01,8.90167696e-01,0
-5.90480328e-01,-1.82249713e-02,1
-8.03303523e-02,6.71565558e-01,1
-5.09505802e-01,2.22144033e-01,1
-1.62309012e-01,1.13136891e+00,0
-6.29898845e-01,-8.55498901e-02,1
-4.67402980e-01,1.95980050e-01,1
-1.04826594e+00,-2.22080114e-01,0
-1.10673478e-01,-9.34612586e-01,0
2.20007999e-01,9.58373871e-01,0
3.24819728e-01,5.72322545e-01,1
1.00698880e+00,3.12484443e-01,0
1.11149988e+00,4.75723385e-02,0
6.04490838e-01,-7.51757653e-01,0
-1.02243848e+00,1.66191868e-01,0
3.43415337e-02,-6.40551472e-01,1
1.46994473e-01,-6.93122385e-01,1
2.85244071e-03,-9.37737480e-01,0
6.71864065e-01,6.10302682e-01,0
6.97068947e-01,-5.31928934e-01,0
-4.44135776e-01,4.44969470e-01,1
8.30943790e-01,-3.03217863e-01,0
1.06106707e-01,6.45778256e-01,1
-6.91748296e-01,6.75508388e-01,0
-4.96086501e-01,5.14079187e-01,1
-1.12553805e-01,-5.31648618e-01,1
-8.49473822e-01,7.66032572e-01,0
-9.63526895e-01,-1.41659493e-01,0
9.64920818e-01,1.83080097e-01,0
3.62198593e-01,-7.26565685e-01,1
3.08201668e-01,-5.14160612e-01,1
-1.02553262e+00,-1.62019379e-01,0
-1.08373610e+00,-6.75482421e-02,0
7.45850686e-01,-3.41839361e-01,0
-5.04434680e-01,2.71042513e-01,1
5.16797083e-01,2.37690962e-01,1
4.93654102e-01,-2.68343370e-01,1
3.30397737e-01,5.31668002e-01,1
4.38160480e-01,-1.01177682e+00,0
1.15432534e-01,-1.00481787e+00,0
3.00245611e-01,4.03162976e-01,1
-4.78067271e-01,4.92144671e-01,1
-4.55761560e-01,-2.88130445e-01,1
1.04742240e+00,-3.54571242e-02,0
-4.93046018e-01,-2.63407052e-01,1
4.04002707e-01,-2.56447313e-01,1
9.50184340e-01,7.11195757e-02,0
6.21805647e-01,-2.70313515e-01,1
1.78693468e-01,4.42811546e-01,1
1.98724640e-01,9.59903384e-01,0
-5.53014029e-01,-2.69032425e-01,1
4.49640102e-01,-9.27804085e-01,0
4.68329146e-01,-4.60975424e-02,1
-3.58781912e-01,-9.34155492e-01,0
7.22268089e-01,-6.79228747e-01,0
2.51811090e-01,-9.38021809e-01,0
1.15082978e+00,-1.92059166e-01,0
3.29819904e-01,5.58837478e-01,1
1.67417377e-01,-6.02967770e-01,1
-5.19583837e-01,1.50676573e-01,1
-9.40608639e-02,6.53231390e-01,1
6.52794727e-01,1.36833729e-01,1
6.54789318e-01,-8.66486692e-01,0
6.82532316e-01,5.85687470e-02,1
-6.40190879e-01,-7.22095286e-01,0
-2.56092868e-01,9.34426463e-01,0
7.59360981e-01,8.43669301e-01,0
-3.42981568e-01,-5.04403412e-01,1
6.03089846e-01,-1.30406542e-01,1
8.81974909e-01,-1.50518914e-01,0
-1.86834446e-02,5.95526381e-01,1
1.07452819e-01,-7.27997542e-01,1
-2.55468530e-01,-8.20952419e-01,1
-6.32885408e-01,1.74234638e-02,1
-8.68596554e-01,2.06744212e-01,0
5.42774884e-01,-3.83355929e-01,1
-3.16585675e-01,-4.82743740e-01,1
3.00505101e-01,-9.26666638e-01,0
-9.90540560e-01,4.22758719e-01,0
-4.30942971e-01,-1.08500269e+00,0
-1.29345911e-01,-6.79060415e-01,1
5.84043138e-01,2.95889862e-01,1
-4.15747631e-01,-2.43678822e-01,1
-6.10906019e-01,7.65547258e-01,0
2.33735544e-01,6.07478086e-01,1
6.80267370e-02,-9.28803431e-01,0
1.32754850e-01,6.91916249e-01,1
-3.38727327e-01,-4.30571317e-01,1
-9.34938549e-01,-1.84545846e-02,0
-6.43170646e-01,1.27789168e-01,1
-1.48905400e-01,-9.74252134e-01,0
6.51111503e-01,6.84513229e-01,0
-7.04141636e-01,7.13040492e-01,0
-5.44253162e-01,3.90600819e-01,1
-7.10690585e-01,-7.29245813e-01,0
2.00713323e-02,-5.59865654e-01,1
-2.24543598e-01,-5.18641404e-01,1
9.53353721e-01,-2.75807489e-02,0
-4.15484267e-01,1.83494295e-01,1
6.49252916e-01,-6.49271944e-01,0
-3.17022361e-01,6.76247045e-01,1
1.93800465e-01,6.62062197e-01,1
4.50308447e-01,-4.36472517e-02,1
-6.83220238e-01,-7.54938791e-01,0
1.52503234e-01,-7.63070039e-01,1
-2.81630066e-02,-6.64441981e-01,1
-7.20226416e-01,-5.47663372e-01,0
4.86600200e-01,8.97913298e-01,0
5.27198641e-01,-4.83017656e-01,1
-5.47325447e-01,8.88312585e-01,0
2.39864907e-01,9.52085861e-01,0
6.82429752e-01,-6.20782103e-01,0
4.38481077e-01,-4.56233116e-01,1
5.13376109e-01,-9.03644445e-01,0
7.04234349e-02,9.78387770e-01,0
-5.48976000e-01,2.55221018e-01,1
-2.18625198e-01,5.15404668e-01,1
-2.77742537e-01,-1.01459779e+00,0
-5.44379528e-01,-1.73864731e-01,1
-2.13986011e-01,6.58245593e-01,1
9.30900079e-01,-5.75528120e-01,0
5.23676922e-01,7.50139891e-01,0
2.90385112e-01,8.35239118e-01,0
5.85645775e-01,-9.61429646e-01,0
6.30745680e-01,1.86516734e-01,1
-3.64111041e-01,4.23672156e-01,1
9.70964582e-01,1.85556378e-01,0
7.37154915e-01,-6.97854560e-01,0
4.22481703e-01,-9.27423092e-01,0
2.97299635e-01,-5.09366543e-01,1
1.83572727e-01,1.10887568e+00,0
1.81171087e-01,3.62761281e-01,1
-1.46647827e-01,3.68267318e-01,1
4.37673040e-01,-4.08144077e-01,1
-9.12021697e-01,-4.05941209e-01,0
4.18593669e-01,4.64681517e-01,1
1.09502809e+00,-5.15576176e-01,0
-1.23195316e-01,-5.35815607e-01,1
-2.84132837e-01,8.99274824e-01,0
3.95865251e-01,-7.41885197e-01,0
6.16352823e-01,1.80146337e-01,1
5.16896830e-02,4.68964694e-01,1
3.82280810e-01,4.85907407e-01,1
-1.14326108e-01,-1.06481883e+00,0
1.03663369e+00,-1.49035035e-01,0
1.08281475e+00,1.68586825e-01,0
-9.31993590e-01,4.73774797e-01,0
5.08974148e-01,3.93158467e-01,1
4.53571613e-01,-5.05967927e-01,1
5.92959538e-01,9.16118268e-01,0
-5.43768816e-01,-2.82185918e-01,1
4.65597675e-01,-5.40044738e-01,1
-9.04540885e-01,-5.93192938e-01,0
-7.37394553e-01,5.59487969e-01,0
-8.41217778e-01,2.82978654e-01,0
1.23566573e-01,-1.07674977e+00,0
-5.25669144e-01,-2.18416848e-02,1
5.43830704e-01,-2.72546344e-01,1
4.50488456e-01,4.03587263e-01,1
9.33686492e-01,3.80615582e-01,0
7.70739842e-02,-9.02758493e-01,0
-8.38516495e-01,-6.64566316e-01,0
-2.45432168e-01,-4.81292690e-01,1
6.27100878e-01,7.63851869e-01,0
9.86639306e-01,3.07638236e-01,0
-9.54531971e-01,1.16883813e-02,0
2.36829825e-01,-7.21790874e-01,0
3.98523890e-01,5.51620636e-01,1
5.64742158e-01,6.41056377e-01,0
-9.34785581e-01,-6.73753495e-01,0
5.26382946e-01,-2.20475050e-03,1
-7.02382560e-01,-6.59465898e-01,0
3.59058726e-01,6.02718008e-01,1
2.32496896e-01,1.09310236e+00,0
-1.05673629e+00,1.87579998e-01,0
2.34623527e-01,-5.10411942e-01,1
2.37239399e-01,-1.01288223e+00,0
-6.51179524e-01,3.47814553e-01,0
-3.88894763e-01,-3.78348592e-01,1
-6.14285999e-01,-5.47639402e-02,1
-7.89634281e-01,9.76461386e-02,0
9.39733972e-01,5.22610767e-01,0
2.60874521e-01,-4.52871462e-01,1
4.81315746e-01,4.99321305e-02,1
-1.21496143e-01,-5.25187762e-01,1
6.71608336e-01,-2.71402968e-01,1
-1.62215421e-01,-6.39922967e-01,1
6.94714173e-01,1.14523773e-01,1
-3.71628138e-01,5.69949582e-01,1
-3.41924234e-01,-3.18685436e-01,1
-4.68736631e-01,8.61508206e-01,0
5.26763500e-01,2.10058394e-02,1
-6.63298243e-01,-7.91178142e-01,0
1.45533099e-01,-5.32700751e-01,1
8.00917554e-01,-6.24173433e-01,0
-3.02247477e-02,6.92776649e-01,1
4.54429783e-01,-2.72764566e-01,1
-2.97283656e-01,8.88693327e-01,0
-7.29952036e-01,-9.12336128e-01,0
-3.00559574e-01,9.88721783e-01,0
-3.28426190e-02,1.05643853e+00,0
2.76514228e-01,-5.10855509e-01,1
9.29372059e-02,4.52442420e-01,1
4.92436913e-01,8.51425652e-01,0
1.33491206e-01,6.65221041e-01,1
7.52669797e-01,-5.87385220e-01,0
-8.90072806e-01,4.86476352e-01,0
-1.14454421e+00,-2.93962870e-01,0
-8.19528852e-01,-7.81492482e-01,0
9.59458433e-01,5.40344402e-03,0
8.14576007e-01,5.40379773e-01,0
5.88315278e-01,9.84149213e-01,0
-1.09198971e+00,-1.55653893e-01,0
5.62973793e-01,1.97320698e-01,1
9.06142758e-02,5.47233297e-01,1
-4.46208539e-02,-5.14507620e-01,1
-6.80851534e-01,-1.43912097e-01,0
1.34411661e-01,-5.28913763e-01,1
-4.60724592e-01,3.06071109e-01,1
1.98640990e-01,8.53496300e-01,0
-1.01694298e+00,1.45498285e-01,0
-7.19261391e-01,-3.42531375e-01,1
1.08730252e+00,2.17960922e-01,0
-8.81773557e-01,-5.62077142e-01,0
5.63264793e-01,2.78663884e-01,1
1.04240170e+00,-4.30973641e-01,0
-9.43842950e-01,-5.10112038e-01,0
2.05287001e-01,-6.96239311e-01,0
-4.20957251e-01,-3.31776879e-01,1
1.45714893e-02,-7.26833579e-01,1
4.13996506e-01,3.09037119e-01,1
6.73166224e-02,-6.56544714e-01,1
8.12378909e-01,-6.49393647e-01,0
8.77788737e-01,-5.02121644e-01,0
5.92751500e-01,-1.47433417e-01,1
1.79398020e-01,-4.98758751e-01,1
-1.83663938e-01,1.02642348e+00,0
-5.07417741e-01,-3.59881747e-01,1
-4.17822867e-01,1.27641957e-01,1
-9.45049664e-01,3.09909705e-01,0
1.31630559e-01,5.60428751e-01,1
6.98172845e-01,7.79328898e-01,0
5.54753271e-01,2.00679715e-01,1
-5.46669878e-01,-7.56816651e-02,1
6.24751625e-01,7.25471896e-01,0
7.28177268e-01,4.86624115e-01,0
2.52089659e-01,-5.76787669e-01,1
3.72140941e-01,-5.16453376e-01,1
-5.18819280e-02,-6.51637273e-01,1
-4.85744528e-01,3.97019990e-01,1
4.71796744e-01,-5.04013474e-01,1
5.62691363e-01,-3.66594177e-01,1
6.21040178e-01,3.71411439e-01,1
-6.60627741e-02,-7.15392589e-01,1
3.39772553e-01,7.28092219e-01,1
-1.03724679e-01,8.01405093e-01,1
2.37628178e-02,6.51755301e-01,1
1.13474445e+00,1.32291643e-01,0
-3.90262607e-01,8.89485357e-01,0
-4.66153106e-01,4.38270481e-01,1
4.61041016e-01,-9.05381873e-01,0
7.93018539e-01,-1.87754558e-01,0
-2.19535374e-01,-5.97919586e-01,1
8.80372535e-01,1.52425164e-01,0
-2.41550334e-01,-4.26608782e-01,1
-5.61395272e-01,2.79061713e-01,1
5.46256526e-01,3.04443140e-01,1
3.80527544e-01,5.34466749e-01,1
3.15970249e-01,1.06243796e+00,0
7.09713631e-01,-2.84947814e-01,1
5.83637923e-02,-9.58201856e-01,0
-3.88916077e-01,-8.28620641e-01,0
3.22690743e-01,-8.84103063e-01,0
-1.62710219e-01,-7.25196457e-01,1
-9.05522142e-01,-3.33176087e-01,0
-5.98936943e-01,3.23859453e-02,1
6.33387911e-01,-2.19326857e-02,1
-6.29044121e-01,-7.65071644e-01,0
-9.53805699e-01,-4.18236182e-01,0
-7.78951498e-01,-8.70531462e-01,0
-6.20339619e-01,-8.44034267e-01,0
6.01657477e-01,1.37406360e-01,1
-5.98202557e-01,-9.27201547e-01,0
-5.61226617e-01,-1.54254188e-02,1
-3.07810803e-01,6.93943819e-01,1
7.09989592e-01,-1.93647485e-01,1
-7.29375068e-01,-1.52532280e-01,1
4.93855947e-01,1.99288794e-01,1
4.99641712e-01,-5.59674325e-01,1
-3.69331944e-01,-5.32290121e-01,1
3.32901263e-01,-9.32376501e-01,0
1.30886531e-01,-9.15467690e-01,0
-5.46825192e-01,-3.18545309e-01,1
8.34760594e-01,4.06698790e-01,0
-4.67620108e-01,-8.99162298e-02,1
-3.89110362e-01,-8.76783748e-01,0
2.86932849e-01,-3.44955850e-01,1
-5.36042361e-02,-9.12147628e-01,0
-2.69681338e-01,9.00529479e-01,0
-4.24124367e-01,1.18980109e-01,1
-5.50502984e-01,3.08424871e-01,1
2.73388252e-02,4.98862123e-01,1
8.12227273e-01,-7.09135207e-01,0
5.06551838e-01,-4.47465359e-01,1
-3.34978481e-01,-9.42637532e-01,0
-4.74656319e-01,1.08850993e+00,0
4.83258914e-04,-6.80240592e-01,1
-8.60177333e-01,5.17807750e-01,0
4.21793195e-01,-8.08539746e-01,0
-4.13372008e-01,8.54075762e-01,0
1.34477379e-01,-9.65586148e-01,0
-5.58772184e-01,6.79033692e-01,0
6.55315074e-01,2.94278894e-01,1
-1.44888632e-01,-5.85323764e-01,1
-6.58179531e-01,-3.85877658e-01,1
-5.42269354e-01,-2.74122743e-01,1
6.96441647e-01,-3.93154380e-02,1
6.60887017e-01,-5.59831470e-01,0
-2.35190481e-01,-9.43541460e-01,0
-9.60496182e-01,3.05661887e-01,0
6.28832099e-01,1.68547604e-01,1
-4.22206761e-01,4.88620351e-01,1
-9.36449277e-01,-3.03087143e-02,0
2.93972904e-01,4.17210496e-01,1
-5.45959861e-01,9.15758113e-01,0
-1.44625842e-01,1.05957730e+00,0
-7.16861979e-01,-6.74579180e-02,1
7.59337356e-01,1.06938712e-01,1
2.17845854e-01,5.99249244e-01,1
6.64022193e-01,-8.61726768e-01,0
9.15906309e-01,-4.38259394e-01,0
9.70972713e-01,-1.33780689e-01,0
-5.32521609e-01,-2.68280517e-01,1
-5.49975721e-01,9.49149011e-01,0
-3.98255340e-01,8.91293252e-01,0
-6.97602816e-01,7.23180578e-01,0
-9.27183318e-01,1.19134761e-03,0
4.68632675e-01,-1.19240720e-01,1
-4.36886312e-01,4.75883307e-01,1
-8.29747035e-01,4.82257738e-01,0
-5.03913479e-01,-7.23432737e-01,0
8.05801884e-01,5.26697914e-01,0
-2.74736320e-01,-1.00511011e+00,0
5.79504728e-01,-1.90754746e-01,1
-6.58567256e-02,-4.73018293e-01,1
5.46213894e-01,-4.37825915e-01,1
8.33413518e-01,3.98056584e-01,0
-4.41369743e-01,-9.79677456e-01,0
-2.57266627e-01,-5.82001371e-01,1
5.64645414e-01,-2.74907328e-02,1
-4.08015053e-03,6.75245756e-01,1
-1.67910992e-01,-6.70623176e-01,1
-2.71829832e-01,5.45914152e-01,1
-5.81332818e-01,-8.29959896e-01,0
-4.82148036e-01,-4.09903694e-01,1
6.01691531e-01,-1.53422296e-02,1
1.79822457e-01,-5.56278230e-01,1
-2.85700821e-02,-9.36983300e-01,0
-9.82783829e-01,-4.34934546e-01,0
-4.10038837e-01,-8.04135740e-01,0
6.21620310e-01,-5.97373331e-01,1
-5.82673212e-01,-2.13100026e-01,1
1.25536028e-01,-5.85295534e-01,1
9.39829374e-01,1.30520955e-01,0
-5.89679445e-01,8.29485725e-01,0
-8.68177639e-01,4.62186680e-01,0
-5.84892619e-01,-4.88339117e-02,1
-3.36873331e-01,-5.36210781e-01,1
8.66420555e-01,-5.29158886e-01,0
3.56045672e-01,-1.01111703e+00,0
6.63379712e-01,3.70901216e-01,1
1.17541524e+00,3.65003640e-01,0
6.94146914e-01,5.98672183e-01,0
4.77713892e-01,3.80242228e-01,1
-7.75504546e-01,-6.99238587e-01,0
4.93126476e-01,-2.71324703e-01,1
9.97438422e-01,-5.34742376e-02,0
-3.77604949e-01,9.49341282e-01,0
-3.31957945e-01,-8.65341172e-01,0
-9.77552203e-02,-8.16109940e-01,0
7.63745333e-01,-4.43955828e-01,0
-1.00884373e+00,2.66118869e-01,0
-6.10816263e-01,5.08868582e-01,1
-5.57840964e-01,6.73420699e-01,0
1.12798554e-01,-6.78435858e-01,1
7.82508921e-01,-7.47742451e-02,1
-1.95078843e-01,-9.64833174e-01,0
8.44326258e-01,-7.54611677e-01,0
7.98184706e-01,-2.62386634e-01,0
-5.21822888e-01,9.41788445e-01,0
-2.16477717e-01,5.05956129e-01,1
9.48407905e-01,-2.38016797e-01,0
2.77300473e-01,-9.43747213e-01,0
-9.68443666e-02,1.05389911e+00,0
-6.12561650e-01,9.24314676e-02,1
1.01685440e+00,1.31767757e-01,0
-3.07830938e-01,7.05627464e-01,1
3.93556361e-01,8.21742801e-01,0
-1.64692640e-01,5.67824724e-01,1
5.26016898e-01,-8.54696678e-02,1
7.97569277e-01,4.68775486e-01,0
-7.96289754e-01,-5.23309557e-01,0
8.05784896e-01,4.54673259e-01,0
-1.88385969e-01,-5.76907599e-01,1
4.05853356e-01,8.06261927e-01,0
6.30375808e-01,4.16598333e-01,1
7.30650698e-01,-6.44294748e-01,0
1.29655685e-01,1.04963737e+00,0
-3.66151534e-01,9.88990318e-01,0
3.77887679e-01,-6.11898448e-01,1
4.12662313e-01,-1.01707146e+00,0
-3.76190109e-01,-9.65421318e-01,0
9.46198152e-01,2.12246278e-01,0
-5.53448954e-01,9.65482027e-02,1
-9.27027468e-01,-1.38897784e-01,0
-9.86547116e-01,4.25039079e-01,0
-3.69322792e-01,-8.60433785e-01,0
-4.04134980e-01,8.44925467e-01,0
-1.94536603e-01,5.53588802e-01,1
3.96806668e-01,-9.11780433e-01,0
3.51544422e-01,-8.18140813e-01,0
-3.84470220e-01,-3.83484795e-01,1
3.79160305e-01,-6.02874608e-01,1
-8.26658934e-01,-3.69468725e-01,0
6.16349974e-01,2.06207976e-01,1
2.24427763e-01,6.35506169e-01,1
6.58499090e-01,2.75173754e-02,1
-5.13951867e-01,-2.98195194e-01,1
2.07244401e-01,5.29921170e-01,1
5.36385742e-01,-1.21088902e-01,1
-2.89601155e-01,4.82844169e-01,1
-6.88316453e-01,6.88105536e-01,0
-3.42748856e-02,7.18923278e-01,1
5.00469287e-01,-1.36911424e-01,1
2.76623940e-01,-1.00194207e+00,0
-3.07723222e-01,2.45948426e-01,1
4.93399360e-01,1.06253138e+00,0
5.68124155e-01,8.36499629e-01,0
-1.88285475e-01,5.05421987e-01,1
2.15450942e-02,9.13731306e-01,0
5.98190718e-01,5.31547556e-01,1
6.94957314e-01,-9.57574617e-01,0
2.99166669e-01,2.37287796e-01,1
-5.29113477e-01,-3.46745960e-03,1
-3.72257711e-01,-8.47504477e-01,0
2.47515381e-01,4.28630771e-01,1
-8.98801677e-02,-8.23984421e-01,0
8.09296140e-01,6.46117618e-01,0
-1.06173372e+00,-2.32252423e-01,0
4.03793476e-01,-9.52006025e-01,0
1.94607520e-01,6.05588815e-01,1
2.23487350e-01,1.09898140e+00,0
1.01608001e-01,-6.58316956e-01,1
1.12451320e-01,-6.18286473e-01,1
1.18376507e-01,-5.63014436e-01,1
-1.39696235e-02,-1.14157963e+00,0
-1.63560187e-01,-8.57276209e-01,0
4.67366406e-01,-8.94716544e-01,0
-6.27075593e-01,-4.11982281e-01,1
-7.33290871e-01,8.61064811e-01,0
1.00187927e+00,-1.61473703e-01,0
5.20477541e-01,-1.17242071e-01,1
-4.33247697e-01,-2.72703820e-01,1
-9.07848122e-01,3.09569098e-01,0
1.64292773e-02,6.30343714e-01,1
2.21235083e-01,6.36087654e-01,1
7.05016370e-01,-6.24982666e-01,0
1.51573643e-01,1.05858709e+00,0
-9.68801666e-01,-4.74349732e-01,0
8.98106197e-01,4.48120352e-01,0
-4.07436684e-01,-4.23666230e-01,1
4.40104761e-01,4.33951473e-02,1
6.18998872e-01,-8.15798381e-01,0
-2.67910778e-01,-5.86931576e-01,1
-8.11697116e-01,4.34693189e-01,0
8.53773807e-01,-4.67403557e-01,0
1.00467379e-01,-1.04730648e+00,0
6.21627683e-01,2.56160464e-01,1
6.61219957e-01,3.71301131e-01,0
-5.72569576e-01,7.80853322e-01,0
-1.04072540e+00,3.53538207e-01,0
2.12834148e-01,-1.20973025e+00,0
-8.08340812e-02,-8.17766634e-01,0
4.28052089e-01,2.77136021e-01,1
-2.42043120e-01,7.12677443e-01,1
1.21360129e-01,7.85957800e-01,1
3.42961696e-01,-6.29782226e-01,1
-8.59482358e-03,-4.94281898e-01,1
-5.18973649e-01,9.13120313e-01,0
-6.49087423e-01,-2.82482718e-01,1
1.01464182e+00,-3.21941182e-01,0
-5.60024785e-01,-9.19887433e-01,0
-5.05696340e-01,2.97976079e-01,1
1.88142886e-01,-6.68590559e-01,1
-5.62795512e-01,-1.48909749e-01,1
8.98360659e-01,-2.13978551e-01,0
-8.90528448e-01,2.00294790e-01,0
1.35675696e-01,1.14545083e+00,0
9.65458886e-01,6.05658124e-01,0
1.64147920e-01,4.33419825e-01,1
9.58686165e-02,9.84889007e-01,0
-5.85297187e-01,-8.60649106e-01,0
-5.36906112e-01,3.38394516e-01,1
7.04700966e-01,8.26607954e-02,1
-5.56225348e-01,-3.34041252e-01,1
-9.40081348e-01,-7.60994549e-02,0
1.98460634e-02,-6.05245553e-01,1
5.11999979e-01,-8.74970420e-01,0
1.99562560e-01,6.37833792e-01,1
5.69432892e-01,-1.47565056e-02,1
-9.99741163e-01,-3.62650997e-01,0
-9.90780302e-01,-1.59742293e-01,0
6.86142090e-01,-2.38903058e-01,1
-4.66408145e-01,4.45268179e-01,1
7.31871732e-01,-7.90113682e-01,0
4.47199580e-01,1.98203774e-01,1
-4.35773416e-01,-1.01784001e+00,0
4.50464501e-01,-3.25656954e-01,1
7.92595302e-02,-7.19736002e-01,1
-3.47181291e-01,4.41466016e-01,1
5.24944995e-01,1.82350727e-01,1
4.15166544e-01,-4.83906972e-01,1
1.04578376e+00,2.69668993e-01,0
-4.56094052e-01,-3.73839435e-01,1
2.02685499e-01,-4.49657569e-01,1
-4.98582958e-01,1.90202320e-01,1
-2.06391358e-01,9.34192694e-01,0
-8.69466266e-01,-4.03630647e-01,0
-1.52061945e-01,6.18607351e-01,1
4.68169529e-01,-8.64206751e-01,0
6.40779632e-01,2.80523103e-01,1
-7.07448246e-01,-1.66248584e-02,1
3.28304467e-01,-5.79063862e-01,1
-9.48737615e-02,5.35798053e-01,1
-9.17891182e-01,-2.82422589e-01,0
7.36392051e-01,-3.94399551e-01,0
-4.88240979e-01,-4.56035182e-01,1
